Project Name,Project URL,URL From Prompt,Number of Prompts,Last Edited,Created Date,Is Private,Hide Badge
co-sales,https://lovable.dev/projects/54fb1beb-838d-4060-9fb4-0afe4376fac4,http://www.cosalesrep.com,1,N/A,,Failed,Failed
greenhammer-revive-design,https://lovable.dev/projects/ccecd9f3-8ba6-43ed-9a30-881f4a8e8dd1,http://www.greenhammer.com,1,N/A,,Failed,Failed
beltcreek-renaissance-site,https://lovable.dev/projects/114215e0-edb3-4a10-80ad-951f0ce78ceb,http://www.ranchesatbeltcreek.com,1,N/A,Error,Error,Error
apex-reimagine-project,https://lovable.dev/projects/8969be3e-9c09-4157-8b61-5c87bb801618,http://www.apexroofingusa.com,1,N/A,Error,Error,Error
envision-accountancy-refined,https://lovable.dev/projects/aa2e2d43-f2bd-45ff-8a7e-f6a640fa8f8b,http://www.bspcpa.com,1,N/A,Error,Error,Error
copeland-cook-reimagined-ux,https://lovable.dev/projects/c008c102-ffde-4b99-a1fd-ce081b44c9dc,http://www.copelandcook.com,1,N/A,Error,Error,Error
storage-reimagine-webflow,https://lovable.dev/projects/89fbcd65-45df-4d9d-aa33-6c96c64e1028,http://www.priceselfstorage.com,1,N/A,Error,Error,Error
cavu-reimagine-digital-bloom,https://lovable.dev/projects/02b24af8-6bbf-47b5-a57b-776b84c98c89,http://www.cavu-intl.com,1,N/A,Error,Error,Error
simonson-reimagined-build,https://lovable.dev/projects/3f766e7c-6748-45e0-8bc9-66f5a11914b5,http://www.simonsonconstruction.com,1,N/A,Error,Error,Error
construction-vision-craft,https://lovable.dev/projects/0e6f0044-4371-42fe-b25c-3dcf79fd00ee,http://www.jencoconstruction.com,1,N/A,Error,Error,Error
murphy-logistics-revive,https://lovable.dev/projects/d83ae60e-bc60-4488-be5e-69b87174558c,http://www.murphylogistics.com,1,N/A,2025-04-23 00:13:00,No,Yes
talent-zenith-website-revamp,https://lovable.dev/projects/af731cbd-a97f-406e-b3b6-d7b238746ab5,http://www.exponentialtalent.com,1,N/A,2025-04-23 00:15:37,No,Yes
west-architect-renewal,https://lovable.dev/projects/d75e433d-a902-482c-b4e6-925aea10c038,http://www.architectswest.com,1,N/A,2025-04-23 00:15:47,No,Yes
consult-refined-canvas,https://lovable.dev/projects/26c568fc-1f4c-46d8-b111-ff39d2aad5a8,http://www.managementconsulted.com,1,N/A,2025-04-23 00:13:06,No,Yes
westlgi-revamp-refined-flow,https://lovable.dev/projects/ea0915fe-f468-4057-b75a-c3df9223a897,http://www.westlgi.com,1,N/A,2025-04-22 22:21:28,No,Yes
kaftan-reimagined-web,https://lovable.dev/projects/4b08709d-b859-4ba6-b3a9-3ad68b3d39ca,http://www.kaftancommunities.com,1,N/A,2025-04-22 22:21:23,No,Yes
hampton-modern-builds-reimagine,https://lovable.dev/projects/ee8f74d5-3458-4323-97dc-bfcb003bf7e5,http://www.hammondservices.com,1,N/A,2025-04-22 22:07:44,No,Yes
remodel-reimagined-canvas,https://lovable.dev/projects/f813955b-69fc-41b3-b087-eba5f1316281,http://www.modelremodel.com,1,N/A,2025-04-22 22:10:31,No,Yes
clouse-construction-reimagine,https://lovable.dev/projects/c67a048b-6612-4030-a7c0-ee9d3ef7982f,http://www.clouseconstruction.com,1,N/A,2025-04-22 22:10:26,No,Yes
fire-spark-modern-build,https://lovable.dev/projects/30cc42c4-d454-4486-8c25-ed67ea340fa5,http://www.firesprinkler.org,1,N/A,2025-04-22 22:10:46,No,Yes
new-windows-portland,https://lovable.dev/projects/4524795e-3a7b-43f6-903d-8741495085a5,http://www.newwindowsportland.com,9,N/A,2025-04-22 22:21:38,No,Yes
market-street-settlement-group,https://lovable.dev/projects/598cc832-09a3-4d6e-8846-cb5ba9e9f3b5,http://www.mssg.com,4,N/A,2025-04-22 22:21:33,No,Yes
pocono-mountain-lakes-realty,https://lovable.dev/projects/4a7cc24a-202b-4038-885d-0eff401bcff6,http://www.poconomountainlakes.com,5,N/A,2025-04-22 22:21:18,No,Yes
ogorman-renewal-architect,https://lovable.dev/projects/f592c803-7e6a-4d78-9b7b-e22077ea7e9e,http://www.ogormanplumbers.com,1,N/A,2025-04-22 22:10:41,No,Yes
stellar-builds-refined-look,https://lovable.dev/projects/0f8b94ce-cabe-4800-9d7a-60999f9f028c,http://www.whitakerellis.com,1,N/A,2025-04-22 22:04:58,No,Yes
simons-bitzer-reimagine,https://lovable.dev/projects/91cd4c6e-f7e2-4c78-8c07-8828f51694f0,http://www.simonsbitzer.com,1,N/A,2025-04-22 22:10:36,No,Yes
kerr-anestorz-reimagine,https://lovable.dev/projects/2bd8af4d-c989-4d07-96b4-273d9d015840,http://www.kerranestorz.com,1,N/A,2025-04-22 22:07:54,No,Yes
caliente-rebuild-project-launch,https://lovable.dev/projects/0076fc91-8c7c-4655-8ffd-bfc61aec7212,http://www.calienteconstruction.com,1,N/A,2025-04-22 22:07:34,No,Yes
myob-revive-consulting-glow,https://lovable.dev/projects/ee811fb8-a5b5-4d5b-9efb-80be3be6fa36,http://www.myobconsulting.com,1,N/A,2025-04-22 22:07:50,No,Yes
holtz-build-evolve-now,https://lovable.dev/projects/094a802b-3f54-4089-a267-e8839e1bb6a6,http://www.holtzbuilders.com,1,N/A,2025-04-22 22:04:48,No,Yes
adjusters-ai-renaissance,https://lovable.dev/projects/502b9623-2f56-42ef-af93-194c1dad3223,http://www.adjustersinternational.com,1,N/A,2025-04-22 22:07:39,No,Yes
tree-craft-website-redo,https://lovable.dev/projects/e8344ae3-e95b-411c-bd40-8b0a3d816700,http://www.russelltreeexperts.com,1,N/A,2025-04-22 22:04:53,No,Yes
shoot2sell-reimagine-project,https://lovable.dev/projects/5ab51dfe-ccf7-4ba0-b6ed-ecd9a465a7cf,http://www.shoot2sell.net,1,N/A,2025-04-22 22:05:03,No,Yes
restorecore-revive-reimagine,https://lovable.dev/projects/73e0c89a-9bea-4282-bb38-ff686dac3ffc,http://www.restorecore.com,1,N/A,2025-04-22 22:04:43,No,Yes
chlp-revitalized-law,https://lovable.dev/projects/b7255dbd-2dd2-46a1-bd22-86d931586bfd,http://www.chlp.org,1,N/A,2025-04-22 20:55:15,No,Yes
pickering-reimagine-design,https://lovable.dev/projects/7944ecec-3b8d-4ac9-b1d6-42074a4b14af,http://www.pickeringusa.com,1,N/A,2025-04-22 20:52:14,No,Yes
fidelity-reimagine-design,https://lovable.dev/projects/e6cd6124-8705-4fde-961f-d820ac77b597,http://www.fidelity77.com,1,N/A,2025-04-22 20:52:24,No,Yes
radical-reframe-website,https://lovable.dev/projects/cfedbf10-ed9d-4dbb-a2af-1a7f433d235a,http://www.radicallawfirm.com,1,N/A,2025-04-22 20:52:34,No,Yes
aura-consulting-genesis,https://lovable.dev/projects/9e07cc4a-29de-4040-9b61-bb88e89eb5a5,http://www.nx3corp.com,1,N/A,2025-04-22 20:52:19,No,Yes
iqosa-reimagine-canvas-build,https://lovable.dev/projects/9e1679ff-6846-4ded-adf2-e9137e045d93,http://www.iqosa.com,1,N/A,2025-04-22 20:52:29,No,Yes
remax-champion-remaster,https://lovable.dev/projects/fc9d6dde-7084-4cc5-80c5-c885770b0531,http://www.remaxchampions.com,1,N/A,2025-04-22 20:49:23,No,Yes
remax-champions-reborn,https://lovable.dev/projects/2cd6a1bd-4f83-4053-92d4-26203aa7adc3,http://www.remaxchampions.com,1,N/A,2025-04-22 20:44:23,No,Yes
citysitesny-revived-web,https://lovable.dev/projects/bc1f9cc6-6d0b-4aa1-9551-a7169d758392,http://www.citysitesny.com,1,N/A,2025-04-22 20:49:37,No,Yes
cofe-renaissance-web,https://lovable.dev/projects/30a046ff-7a09-4add-9b44-27446e8d43f1,http://www.cofeproperties.com,1,N/A,2025-04-22 20:49:43,No,Yes
premium-real-estate-refined,https://lovable.dev/projects/20c6c999-019b-4861-86b4-ec8650a196dd,http://www.esrp.com,1,N/A,2025-04-22 20:49:33,No,Yes
prostar-corp,https://lovable.dev/projects/83c229e8-2a1d-4a62-940b-9fbed6feb99e,,13,N/A,2025-04-22 20:55:20,No,Yes
svl,https://lovable.dev/projects/4bcd5cb7-bfe5-412c-8a32-f822df668075,,14,N/A,2025-04-22 20:55:10,No,Yes
learning-evolution,https://lovable.dev/projects/6c7b9c18-5504-455e-b68c-5ae1c9370ffb,,13,N/A,2025-04-22 20:55:05,No,Yes
speedgs,https://lovable.dev/projects/217ac082-6025-4f61-b3fc-ebb951175b4d,http://www.speedgs.com,12,N/A,2025-04-22 20:49:27,No,Yes
westlgi-reimagined-ux,https://lovable.dev/projects/a70ab5d6-8dae-4b00-8e8a-ec81355a7db0,http://www.westlgi.com,1,N/A,2025-04-22 20:19:49,No,Yes
premier-accountancy-refresh,https://lovable.dev/projects/adc53bf6-8879-4eaa-a006-08d43e95488a,http://www.cpafirmnyc.com,1,N/A,Error,Error,Error
stellar-accounting-glowup,https://lovable.dev/projects/62091198-3580-4d95-a5ad-218c40de7149,http://www.cpafirmnyc.com,1,N/A,Error,Error,Error
ya-realty-revive-ux,https://lovable.dev/projects/75f202fa-d1ba-4318-9092-be35dc3cc85a,http://www.yarealty.com,1,N/A,Error,Error,Error
elder-law-evolve-site,https://lovable.dev/projects/0f030c37-7d18-4e86-b0f9-1212537d9a6f,http://www.elderlawgroupwa.com,1,N/A,Error,Error,Error
garden-bloom-website-redesign,https://lovable.dev/projects/31784a06-a90b-4a0c-b284-f58dc30b511f,http://www.chefs-garden.com,1,N/A,Error,Error,Error
political-pulse-redesign,https://lovable.dev/projects/f285f828-3415-4532-adc5-9e10e3d686be,http://www.tpusa.com,1,N/A,Error,Error,Error
truestfan-reborn-website,https://lovable.dev/projects/184d858e-1609-4b1b-94c2-344c1d37dc43,http://www.truestfan.com,1,N/A,Error,Error,Error
houla-harmony-revamp,https://lovable.dev/projects/f7545868-5673-4766-a863-b40f0e3bfd93,http://www.houlaentertainment.com,1,N/A,Error,Error,Error
energy-nexus-revamp,https://lovable.dev/projects/244dff38-d003-4bcc-81db-12bb59914926,http://www.competitive-energy.com,1,N/A,Error,Error,Error
renovate-reimagine-design,https://lovable.dev/projects/87ad99cd-95c8-40f4-828f-da025617e577,http://www.customrenovate.com,1,N/A,Error,Error,Error
atlas-automation-evolve-project,https://lovable.dev/projects/2252289d-ed97-4f9f-aed5-55b5796d191e,http://www.atlas-automation.com,1,N/A,,,
westlgi-reimagined-web,https://lovable.dev/projects/b8112b84-2226-43b1-ab4e-3d4202e2c5b5,http://www.westlgi.com,1,N/A,,,
mssg-revive-alchemy-site,https://lovable.dev/projects/e596f04d-ea1f-4656-ad5c-fc21d7319008,http://www.mssg.com,1,N/A,,,
portland-window-glow-up,https://lovable.dev/projects/13e3d156-e532-4e3f-ba0e-dd6aeca5d7e2,http://www.newwindowsportland.com,1,N/A,,,
chambers-reimagine-architect,https://lovable.dev/projects/e6756632-bcd7-4ac9-a372-7f7ba5a619a7,http://www.chambersusa.com,1,N/A,,,
paslay-reimagine-project,https://lovable.dev/projects/5ef2be38-1db3-4e92-82d5-b31b337c99a5,http://www.paslaygroup.com,1,N/A,,,
modern-build-canvas,https://lovable.dev/projects/937eba09-6a8d-41de-8371-ed3fd2475746,http://www.j4development.com,1,N/A,,,
elder-law-ascend-web,https://lovable.dev/projects/9e4f182a-a581-4c32-8b7b-538417df89b7,http://www.elderlawgroupwa.com,1,N/A,,,
kaftan-revive-design-system,https://lovable.dev/projects/e463c044-336d-409d-9ba5-093d474d3311,http://www.kaftancommunities.com,1,N/A,,,
elderlaw-web-revamp-project,https://lovable.dev/projects/c2be4b8a-81ea-4127-a711-14a91bf7a3fb,http://www.elderlawgroupwa.com,1,N/A,,,
vibrant-accountancy-rebuild,https://lovable.dev/projects/0ebe9ee2-dbee-4c9c-9199-2115bae16a9a,http://www.cpafirmnyc.com,1,N/A,,,
pano-ai-reimagine,https://lovable.dev/projects/dbcb49b2-b63d-4fdc-b2dd-3dd403088672,http://www.pano.ai,1,N/A,,,
energy-nexus-reimagine,https://lovable.dev/projects/00b9b6eb-c1f7-4ee5-bfde-c77242025554,http://www.energy-dialogues.com,1,N/A,,,
butter-peanut-revamp-project,https://lovable.dev/projects/eb9fcc05-cf20-4859-95d5-6ffaec82dbcf,http://www.getpeanutbutter.com,1,N/A,,,
nichefire-revitalized-web,https://lovable.dev/projects/08e9b8f0-e9ed-4536-b9d8-baf66a69ccd8,http://www.nichefire.com,1,N/A,,,
excess-logic-reimagine,https://lovable.dev/projects/af4850af-a4cc-4d5c-a751-d9f0d6337915,http://www.excesslogic.com,1,N/A,,,
korman-reimagine-nexus-glow,https://lovable.dev/projects/35f2d1bb-e9fd-4e64-a377-1ad4b90cf4ad,http://www.kormanagementservices.com,1,N/A,,,
giving-water-forward-design,https://lovable.dev/projects/06cf3ae7-8f9c-4639-b8b3-fffce5b2da1a,http://www.cannedwater4kids.org,1,N/A,,,
nocnoc-reimagine-web,https://lovable.dev/projects/d366c01b-eab3-4548-8620-66f2fc9b7220,http://www.nocnocstore.com,1,N/A,,,
big-impact-reimagine,https://lovable.dev/projects/454901a0-1440-4c16-be21-3eb54f6a8da8,http://www.playbiginc.com,1,N/A,,,
events-alchemy-design,https://lovable.dev/projects/a41d9b25-bfea-4c4b-a895-93e4fde36dc4,http://www.legendaryevents.com,1,N/A,,,
measured-results-revived-design,https://lovable.dev/projects/774542d9-8f39-443d-8026-e64dce9b5946,http://www.measuredresultsmarketing.com,1,N/A,,,
stellar-event-alchemy,https://lovable.dev/projects/18474f08-93ed-4b20-8821-4175cf9b4893,http://www.legendaryevents.com,1,N/A,,,
dcode-reimagined-ux,https://lovable.dev/projects/243e1386-da40-4618-8147-922932ef0271,http://www.dcode.co,1,N/A,,,
zindsey-reimagine-website,https://lovable.dev/projects/c4b51d78-738c-4bad-be72-b8ae7b63f8eb,http://www.zindsey.com,1,N/A,,,
apollo-revive-ux-boost,https://lovable.dev/projects/95c39975-7bce-483d-b033-b9fbca753fc6,http://www.apollohealthcare.com,1,N/A,,,
mysten-labs-reimagined,https://lovable.dev/projects/f8670538-3201-4a5e-aa7d-9ce96019974d,http://www.mystenlabs.com,1,N/A,,,
capital-bloom-nexus-web,https://lovable.dev/projects/6d3267df-00a4-441c-8212-86c526cc83f1,http://www.stackwellcapital.com,1,N/A,,,
health-future-web-revamp,https://lovable.dev/projects/58d4b40c-51ad-4be1-9e0b-f28bbf19df58,http://www.healthcareittoday.com,1,N/A,,,
shardeum-reimagine-web,https://lovable.dev/projects/ace20b95-6c4d-4c12-87c9-b0ae77bd41e5,http://www.shardeum.org,1,N/A,,,
union-reimagined-website,https://lovable.dev/projects/caeb6ae6-88d1-4bd0-b74f-f9ac3b3ffada,http://www.theyunion.org,1,N/A,,,
advisory-ux-revamp,https://lovable.dev/projects/48dc9e3f-8883-4469-9311-8864a6ab8971,http://www.corpadvisorysolutions.com,1,N/A,,,
visionary-financial-site,https://lovable.dev/projects/b31b9412-ff43-46a8-930b-3f128c102d86,http://www.scottgriffin.com,1,N/A,,,
apollo-health-revive-web,https://lovable.dev/projects/424607b6-fae2-4785-9d6f-acd2bf9089af,http://www.apollohealthcare.com,1,N/A,,,
shoap,https://lovable.dev/projects/2f83c749-5021-4d80-9832-d3643996001c,,13,N/A,,,
advisor-loans-reimagine,https://lovable.dev/projects/bf537ad3-f714-4d26-bc64-b86d7d0d4e4c,,12,N/A,,,
ascend-hire,https://lovable.dev/projects/559b7530-874d-437d-ac26-f8651fe42599,http://www.ascendhire.com,6,N/A,,,
scarpetta-group,https://lovable.dev/projects/2907aeb1-3a79-426d-addd-ed8198eb886a,http://www.scarpettagroup.com,8,N/A,,,
enerknol,https://lovable.dev/projects/740fa5f9-deed-4de2-b326-9f39d4a48777,http://www.enerknol.com,6,N/A,,,
up-my-influence,https://lovable.dev/projects/518f697d-2d31-4062-9853-0d0e93bceb17,http://www.upmyinfluence.com,13,N/A,,,
anchor-investments,https://lovable.dev/projects/c2ef25af-ab97-41d7-952c-56432e472980,,14,N/A,,,
aldi-real-estate,https://lovable.dev/projects/df21b828-a8d9-4f05-b7c9-270df1051933,http://www.aldirealestate.com,7,N/A,,,
imaginationworks,https://lovable.dev/projects/0309eea2-7816-438f-92ff-6096e791623a,https://imaginationworks.org,5,N/A,,,
lee-and-associates,https://lovable.dev/projects/afd7797c-346d-44c5-9173-4df911971b86,http://www.leeandassoc.com,8,N/A,,,
dms-service,https://lovable.dev/projects/a4c1b13f-08ab-400a-8f7f-65ab38b70196,https://dms-service.com,13,N/A,,,
serve-the-goddess,https://lovable.dev/projects/9de9fc1e-0486-4179-b84c-dbc5628c6b7a,https://servethegoddess.com,11,N/A,,,
finexio,https://lovable.dev/projects/beeb11b3-df46-4734-82c3-577a68ee1c17,http://www.finexio.com,11,N/A,,,
global-expansion,https://lovable.dev/projects/aa69d574-4daa-43bb-bc8e-c56c2180acbe,http://www.globalexpansion.net,7,N/A,,,
ascent-select,https://lovable.dev/projects/6cfc2429-d96a-47b3-bd17-6d99bd3b1e61,http://www.ascentselect.com,1,N/A,,,
brake-performance,https://lovable.dev/projects/aaccd4e7-aa40-4419-b8a1-9e9c055b7312,,13,N/A,,,
fleuretica,https://lovable.dev/projects/ac191502-4503-409c-bf63-d1563630e044,,15,N/A,,,
elevate-law,https://lovable.dev/projects/c3bb4842-fe8b-4fca-99e5-82a1a9f3d5ae,https://adamatlas.com,2,N/A,,,
avrio-logistics,https://lovable.dev/projects/830919b1-61aa-4017-934a-3e89784fed0f,,14,N/A,,,
flower-explosion,https://lovable.dev/projects/d5ed1f55-a5c2-43dd-bfdd-8d873b04902f,,13,N/A,,,
visual-zenith-design-forge,https://lovable.dev/projects/4e773495-1e41-44cb-9193-3aa53159d676,,1,N/A,,,
craft-ux-studio,https://lovable.dev/projects/c8423dde-9686-46a7-9a7f-53d274154469,,1,N/A,,,
modern-ux-forge,https://lovable.dev/projects/d7b9c05a-13f7-4171-840e-5c8ec6eb6357,,1,N/A,,,
refined-digital-bloom,https://lovable.dev/projects/d7a9b2e3-98fb-4a4f-9b3a-9140ce269760,,1,N/A,,,
meridian-capital,https://lovable.dev/projects/4bbf8a7a-baf1-4ae8-a4ce-06c6d6efaace,,11,N/A,,,
modern-web-architects,https://lovable.dev/projects/8f25b5eb-f722-4e41-a90f-00a4d32565fc,,1,N/A,,,
digital-ux-evolve,https://lovable.dev/projects/ff3c6cb2-ca79-4771-9154-d04fd718d398,,1,N/A,,,
web-canvas-revive,https://lovable.dev/projects/bf6938ce-1324-4ab8-8036-4a25673c06de,,1,N/A,,,
nimble-ux-revamp,https://lovable.dev/projects/0f91efbc-ce97-4903-b729-6dec38e5c645,,1,N/A,,,
intuitive-web-glow,https://lovable.dev/projects/95d086a1-aa9e-48cf-b301-ede51383ab18,,1,N/A,,,
premium-web-revive,https://lovable.dev/projects/b3d24e29-f14c-4f2a-bd79-adb6f827e100,,1,N/A,,,
design-elevate-launch,https://lovable.dev/projects/0833ce3e-0f80-41f1-b0c9-83f6639fea11,,1,N/A,,,
nimble-ux-design,https://lovable.dev/projects/69d057bb-7241-4365-9eb0-476af72fb7b5,,6,N/A,,,
stratosphere-consulting,https://lovable.dev/projects/c80c039f-a512-4a7b-a2ee-f14997c031c9,,1,N/A,,,
visual-ux-alchemy,https://lovable.dev/projects/9c8bc72f-4064-44f4-a6d0-df027503b9ea,,1,N/A,,,
threads-reimagine-weave,https://lovable.dev/projects/6ce985e3-e75a-4cab-97de-5a6f95f10918,https://scottxscott.com,1,N/A,,,
bryanhealth-reimagined-ux,https://lovable.dev/projects/d17c05c3-4b97-4580-a777-6ab67d602dde,https://bryanhealth.com,1,N/A,,,
health-first-website-rebuild,https://lovable.dev/projects/e0b4ef6f-3c34-4089-b2ef-11bc2daadf10,https://bryanhealth.com,1,N/A,,,
rise-ux-alchemy,https://lovable.dev/projects/db51499a-aa06-4c12-b080-4ac89b60e505,https://allbusinesstechnologies.com,1,N/A,,,
runway-revamp-nexus,https://lovable.dev/projects/a13f605e-235b-44df-93b3-7796cce85bc3,https://runwaygirlnetwork.com,1,N/A,,,
health-web-revival-studio,https://lovable.dev/projects/f90dad0c-20c1-42fa-9795-8bea343e6c24,https://drhyman.com,1,N/A,,,
premium-consulting-canvas,https://lovable.dev/projects/25040a53-686c-40c7-8316-46e373c2add2,https://humanworkplace.com,1,N/A,,,
sebosis-reimagine-next,https://lovable.dev/projects/d9b01cf8-87f5-441b-a383-16a442239f92,https://sebosis.com,1,N/A,,,
vibe-lift-designs,https://lovable.dev/projects/d9da5296-b8f2-454b-a7a5-1ee5547453a8,https://avriologistics.com,1,N/A,,,
design-elevate-project,https://lovable.dev/projects/ef3e88f4-e86a-4d3e-9baa-a3b1bf838eb2,https://tweneymedia.com,1,N/A,,,
design-pioneer,https://lovable.dev/projects/b2cc81d0-5085-4018-b375-6bc42dc469f3,https://risingteam.com,1,N/A,,,
secure-save-reimagined-web,https://lovable.dev/projects/eedf2f33-4e90-45be-81e2-6f157b9fc841,https://securesave.com,1,N/A,,,
reconaissance-renaissance,https://lovable.dev/projects/f8c98908-11af-459c-a55b-4f0ae2908ff7,https://reconasense.com,1,N/A,,,
radiant-compass-web,https://lovable.dev/projects/d28782d3-0e60-4c0c-860a-2eabdd618903,https://toryburchfoundation.org,1,N/A,,,
bloom-web-revamp,https://lovable.dev/projects/410d96a8-4989-4680-9b68-b508a5d3a0f7,https://thriveglobal.com,1,N/A,,,
wellness-web-alchemy,https://lovable.dev/projects/48d5f841-4c98-430e-a49d-e573712d8181,https://organizationalwellness.com,1,N/A,,,
care-canvas-project,https://lovable.dev/projects/2725996a-85d6-4936-b804-a47779faebd5,https://bryanhealth.com,1,N/A,,,
pixel-perfect-digital-touch,https://lovable.dev/projects/5e8be511-a0e3-4373-a766-ecd2c9586bd0,https://allbusinesstechnologies.com,1,N/A,,,
design-leap-digital-touch,https://lovable.dev/projects/e25a19e9-7264-4edd-8fe9-34a5e70b85ff,https://allbusinesstechnologies.com,1,N/A,,,
venture-leap-ui-kit,https://lovable.dev/projects/14feb673-0ce9-48c8-b933-6363d4e5468e,https://pipelineangels.org,1,N/A,,,
rising-reimagined-site,https://lovable.dev/projects/b6b5a310-4d5f-40fc-9223-a5b795e4fd3d,https://risingteam.com,1,N/A,,,
elevate-digital-forge,https://lovable.dev/projects/b1b117a9-d071-49c3-b059-9ae45aa3a662,https://allbusinesstechnologies.com,1,N/A,,,
venture-canvas-evolve,https://lovable.dev/projects/032e46b7-fb7f-4303-8616-7f01c1b074a3,https://pipelineangels.org,1,N/A,,,
signals-reimagined-pulse,https://lovable.dev/projects/b08729cd-8321-4630-93cf-fed44457c68f,https://getsignals.ai,1,N/A,,,
venture-capital-canvas,https://lovable.dev/projects/94baef9f-885c-454b-8465-05863b228954,https://pipelineangels.org,1,N/A,,,
success-academies-reimagine,https://lovable.dev/projects/9d4a82c3-8e58-49de-b7c0-0e816feef8f4,https://successacademies.org,1,N/A,,,
runway-girl-network,https://lovable.dev/projects/21e13311-fbcd-41b0-bcce-bc862638151e,https://runwaygirlnetwork.com,6,N/A,,,
organizational-wellness,https://lovable.dev/projects/d53e398f-5183-49ac-9627-d31d41f1569f,https://organizationalwellness.com,10,N/A,,,
freshpath-design,https://lovable.dev/projects/36c04e1e-3f7b-49ab-bf31-51bbb61cbb88,https://bryanhealth.com,1,N/A,,,
vibe-press-revamp,https://lovable.dev/projects/578f922e-de06-4b5e-9a6a-e45b060b28b5,https://sonymusic.com,1,N/A,,,
modernize-momentum,https://lovable.dev/projects/09c854e3-1a66-4cce-853b-cd52c90fe07a,https://tweneymedia.com,1,N/A,,,
fresh-frame-designs,https://lovable.dev/projects/115c2fd5-75d6-4133-89fa-5c728fba5db2,https://tweneymedia.com,1,N/A,,,
radiant-consulting-revamp,https://lovable.dev/projects/0c75b785-b291-443c-ae1c-7f3287312ff9,https://organizationalwellness.com,1,N/A,,,
venture-ux-revamp,https://lovable.dev/projects/bb0c97bc-7d97-44cd-8f15-50c5ef41ba0a,https://socialcapital.com,1,N/A,,,
intelectric,https://lovable.dev/projects/17817421-b5fc-4d2e-ad52-1f2dd33922b2,,15,N/A,,,
focusflow-reader,https://lovable.dev/projects/22bebc28-428e-4a25-860c-e77ae55d722f,,6,N/A,,,
life-death-divide,https://lovable.dev/projects/a282e156-6c37-452e-b480-cfea69a54ec1,,10,N/A,,,
bookable-soundspace,https://lovable.dev/projects/776f391d-0916-4133-837f-99935b6c8adb,,1,N/A,,,
peace-page-builder,https://lovable.dev/projects/f5e7aa12-6e51-4815-b68c-361eb42a35de,,1,N/A,,,
charmify-web-overhaul,https://lovable.dev/projects/a8467a6a-aa1c-4a61-85a0-a7cadba62458,https://emmalouskitchen.com,1,N/A,,,
radiant-ux-boost,https://lovable.dev/projects/03aea4a3-94ef-49fb-8d0a-df1d7944bd16,https://dms-service.com,1,N/A,,,
freshstart-webflow,https://lovable.dev/projects/51ee2be1-64a7-4ba7-9fcc-7c0a5c842b83,https://whoopash.com,1,N/A,,,
radiant-legal-portal,https://lovable.dev/projects/7b79a344-c5e3-4364-9d3a-6a4e31bed1c8,https://adamatlas.com,1,N/A,,,
eloquent-elevation,https://lovable.dev/projects/f3420b73-2da1-48b2-8ecc-26ed17eb239e,https://gazoz.com,1,N/A,,,
radiant-health-design,https://lovable.dev/projects/4b9118fc-1aa7-4d69-87ae-9ba54615973e,https://abetterwayinhomecare.com,1,N/A,,,
designwave-essence,https://lovable.dev/projects/406d6318-b56d-4782-8275-41dacdb92ec7,https://giantrobot.com,1,N/A,,,
elevateyourspace,https://lovable.dev/projects/4a8a5f13-5782-4eb0-b626-2e43e370f142,http://www.goodcleanlove.com,1,N/A,,,
eloquent-property-design,https://lovable.dev/projects/6c377865-ed5d-4cec-a1c3-1d3d886604bd,http://www.ashfordco.com,3,N/A,,,
clarityandcraft,https://lovable.dev/projects/2dbf8bf6-b529-475d-8927-11f5114c0861,http://www.goodcleanlove.com,3,N/A,,,
vibe-spark-design,https://lovable.dev/projects/14c08864-73b5-41e1-8227-65926d7da9b5,http://www.bryte.com,1,N/A,,,
elevate-real-estate,https://lovable.dev/projects/e1cf2439-6661-486b-ad12-72d38c961010,http://www.djmcapital.com,1,N/A,,,
clean-elegant-dwellings,https://lovable.dev/projects/26dcaaea-937f-4115-a350-ff898b6392de,http://www.leeandassoc.com,1,N/A,,,
anchor-vision,https://lovable.dev/projects/b117acaa-8d66-4293-bff7-b717cc571f1e,http://www.anchorinv.com,1,N/A,,,
elevate-materials,https://lovable.dev/projects/c36db050-6d36-4e5d-b6e4-573457dc0eba,http://www.bravarooftile.com,1,N/A,,,
elevate-ux-architect,https://lovable.dev/projects/e891ee5e-be35-48e0-962a-3a9069b4c71b,http://www.tollintl.com,2,N/A,,,
elevateuxcraft,https://lovable.dev/projects/e93cb2b3-94f1-4d7f-b4d1-971397348e4d,http://www.goodcleanlove.com,2,N/A,,,
radiant-constructive-vibes,https://lovable.dev/projects/a355d6ca-6fd4-434f-b08c-a69414983047,http://www.tollintl.com,1,N/A,,,
modern-structured-living,https://lovable.dev/projects/7efd3c6e-5969-411e-902b-8e7c53ce9f27,http://www.ashfordco.com,1,N/A,,,
property-sparkle,https://lovable.dev/projects/e329f60d-a32f-4e17-9bcf-70b399f04562,http://www.djmcapital.com,1,N/A,,,
freshdesignflow,https://lovable.dev/projects/b357cbc8-bd14-4729-a471-35b324d8e82a,http://www.goodcleanlove.com,1,N/A,,,
homeharbor-ux-project,https://lovable.dev/projects/decfacb4-d19d-4f1d-8e47-2893e34fce00,http://www.ashfordco.com,6,N/A,,,
realestate-redesign-lab,https://lovable.dev/projects/cf22a227-60b3-45ff-9474-bf7f758be850,http://www.ashfordco.com,1,N/A,,,
modernengage-design,https://lovable.dev/projects/0b2b8ffc-6990-4e53-99ba-890a50b6f5e3,http://www.goodcleanlove.com,1,N/A,,,
elevate-invest,https://lovable.dev/projects/8aa51032-30f3-42d5-aa04-d0dec0fb57a0,https://kimc.com/,1,N/A,,,
premium-ux-revamp,https://lovable.dev/projects/6d8e9057-4f3f-4b6f-b7bb-7d95b2ad6962,https://kimc.com/,3,N/A,,,
enchanting-page-canvas,https://lovable.dev/projects/0cad5a34-c755-484c-aa18-88c900004e06,,6,N/A,,,
clear-invest-essence,https://lovable.dev/projects/32d67026-1d5f-4b84-bc1c-a0293c034ceb,https://kimc.com/,6,N/A,,,
modern-investment-reimagine,https://lovable.dev/projects/20f28ff6-55a0-4994-9c07-6eed838361f6,https://kimc.com/,1,N/A,,,
realty-reimagined-studio,https://lovable.dev/projects/e4cef671-d20f-4b34-9720-48f7c40865d6,https://www.theboutiquere.com/,2,N/A,,,
estate-ux-fusion,https://lovable.dev/projects/593ca8c2-c2e0-4681-88b6-1cf9a0437688,https://theboutiquere.com/,2,N/A,,,
zenfile-grove,https://lovable.dev/projects/7c97d0b9-f59f-4bb6-9453-4dc8ac5e3805,,7,N/A,,,
gnome-fileharmony,https://lovable.dev/projects/ed65adb7-7f41-4203-88bc-e21607949731,,1,N/A,,,
gnome-file-haven,https://lovable.dev/projects/b931195c-d756-4ed6-99ca-a012acfa2596,,10,N/A,,,
vivid-watch-spinner,https://lovable.dev/projects/e8de6317-f846-40c7-a586-3bb1f51215ae,,5,N/A,,,
altmedopedia,https://lovable.dev/projects/6f97c0be-c16e-40af-a726-1dd7b3f5fdb9,,5,N/A,,,
dropzone-garden,https://lovable.dev/projects/97d083a1-89e1-4eb4-8ee8-24d7595081b1,,3,N/A,,,
ethereal-website-generator,https://lovable.dev/projects/bab690c4-2b07-42ef-909e-c7e546a8e7ce,,2,N/A,,,
